"City","Fatalities","Median.Age","Male.Population","Female.Population","Foreign.born","Average.Household.Size","White","Black or African-American","Hispanic or Latino","Asian","American Indian and Alaska Native"
"Los Angeles",252,35,1958998,2012898,1485425,2.86,2177650,404868,1936732,512999,63758
"Houston",179,32.6,1149686,1148942,696210,2.66,1386389,529431,1028148,173854,13157
"Las Vegas",133,37.5,310568,313201,127609,2.79,429142,84987,204913,55745,8456
"Chicago",91,34.2,1320015,1400541,573463,2.53,1374535,873316,785725,195084,23323
"Dallas",78,32.6,639019,661063,326825,2.59,839169,322570,549966,47099,17510
"Phoenix",75,33.8,786833,776168,300702,2.89,1161455,132939,669914,66403,41748
"Fresno",67,30,256130,263942,103453,3.12,325651,46072,256145,75318,11380
"Kansas City",61,35.9,228430,246931,37787,2.35,296623,147739,46037,17061,5796
"San Diego",59,34.5,693826,701081,373842,2.73,949388,111650,425414,267222,16496
"Long Beach",52,34.6,238159,236013,127764,2.78,277962,64948,207890,68095,12841
"Tucson",48,33.6,264893,266781,82220,2.45,404342,33900,231025,24689,24409
"Jacksonville",47,35.7,419203,448828,85650,2.62,543582,282692,80064,50895,8177
"Miami",47,40.4,215840,225149,260789,2.5,338232,87331,319942,4613,1571
"Oakland",40,35.7,203827,215451,113896,2.56,171599,118228,114054,75446,8380
"Portland",39,36.7,313516,318671,86041,2.43,524258,45914,61064,64386,15314
"Denver",38,34.1,341137,341408,113222,2.33,546370,72288,207847,32491,14008
"San Antonio",37,33.1,721405,748419,208046,2.93,1240092,119542,937607,53933,20752
"San Francisco",37,38.3,439752,425064,297199,2.37,442155,53270,132114,324034,8997
"Austin",36,32.7,475718,456122,181686,2.5,708171,81861,327680,78916,10890
"Compton",34,30.1,49264,49184,30660,4.08,53919,26395,67523,1732,298
"Albuquerque",33,36,273323,285808,58200,2.49,411847,26774,271854,25140,32243
"San Jose",32,36.5,518317,508602,401493,3.13,442798,41721,331232,385198,13776
"Bakersfield",31,30.6,182154,191473,71575,3.23,272853,34240,180241,31929,7357
"Seattle",31,35.5,345659,338784,119840,2.13,511401,61974,43060,121507,12804
"Cleveland",29,36,186436,201623,18830,2.24,166958,205395,40603,10102,6140
"New Orleans",29,35.9,185736,203881,21679,2.41,140314,234645,21850,13349,2496
"Columbus",27,33.7,98785,101794,10376,2.62,97436,95366,15180,7039,1343
"Oklahoma City",27,34.1,309227,322036,80165,2.58,462306,111673,117362,33759,41696
"Baltimore",26,34.7,294027,327822,49857,2.51,207274,396270,29953,20161,7730
"Mesa",26,36.9,234998,236835,57492,2.68,413010,22699,131425,14608,16044
"Reno",26,35.7,122292,119151,37070,2.46,197335,9427,59902,20681,3872
"Saint Paul",26,31.5,149547,151293,56514,2.58,191369,54665,27307,58174,6858
"Washington",26,33.8,319705,352523,95117,2.24,285402,328786,71129,35072,6130
"Santa Ana",24,30.8,167503,167920,152999,4.58,163096,5813,262436,37651,4838
"Minneapolis",23,32.4,206547,204388,70769,2.26,277862,89996,39981,33854,9238
"Orlando",23,33.1,130940,139977,50558,2.42,179121,68081,89306,11124,2374
"San Bernardino",23,28.5,108671,107466,55135,3.55,123174,36393,136214,12981,4520
"Stockton",23,32.5,150976,154674,79583,3.16,170878,41161,128216,76859,19834
"Omaha",22,34.2,218789,225098,48263,2.47,353417,64223,63516,19105,6318
"Sacramento",22,33.7,237724,252991,112579,2.73,268151,77439,150153,105063,10145
"Anaheim",21,33.6,179603,171135,137133,3.45,259820,9775,201593,53270,2489
"Inglewood",21,34.9,52995,58661,34171,3.12,33966,44991,60873,2712,1395
"Fort Worth",20,32.6,414126,422843,143404,2.88,575180,167449,296133,42053,7504
"Aurora",19,34.2,177899,180971,65816,2.82,239803,61894,109396,24673,8277
"Cincinnati",19,32.7,143654,154883,16896,2.08,162245,133430,9121,7633,3362
"Henderson",19,42.5,139412,146246,35666,2.55,234301,18816,47154,24931,3036
"Memphis",19,34.1,312237,343523,43318,2.55,202961,420983,46621,15778,4127
"Riverside",19,31.4,160613,161810,69584,3.34,225157,26147,160697,27675,5338
"Baton Rouge",18,31.2,111492,117104,12268,2.52,96730,122634,7428,7442,1119
"Charlotte",18,34.3,396646,430475,128897,2.52,446795,301568,113731,55399,8746
"Philadelphia",18,34.1,741270,826172,205339,2.61,688130,691186,219038,122721,17500
"Spokane",18,36.6,102756,110511,13253,2.34,193143,10045,13365,9059,7192
"Tulsa",18,35,197437,205654,43751,2.37,279127,72643,61217,16318,42129
"Amarillo",17,33.8,99391,100260,21124,2.64,174214,14050,65392,8563,4260
"El Paso",17,33.1,332797,348339,159709,3.03,587683,34473,542017,12370,7359
"Tampa",17,35.3,175517,193511,58795,2.47,257552,92156,95154,15814,2915
"Birmingham",16,35.6,102122,112789,8258,2.21,51728,157985,8940,1500,1319
"New York",16,36,4081698,4468707,3212500,2.68,3835726,2192248,2485125,1304564,90923
"Ontario",16,31,85059,86141,48557,3.52,74765,12900,118292,14313,4304
"Indianapolis",15,34.1,410615,437808,72456,2.53,553665,253932,83426,29307,8656
"Milwaukee",15,31.6,286315,313839,58321,2.51,297038,248149,110335,24832,10813
"Vallejo",15,37.8,58379,62890,30592,2.83,56169,26778,28977,34753,1671
"Wichita",15,34.6,192354,197601,40270,2.56,305910,52592,65162,25210,8791
"Boise",14,34.9,110099,108181,13409,2.61,204913,4413,19480,9806,4046
"Fayetteville",14,30.7,101051,100914,12863,2.5,102075,90625,25080,8949,6603
"North Las Vegas",14,32.2,116350,118443,49815,3.31,137357,54093,94804,20273,4739
"Pasadena",14,31.5,78827,74959,38072,2.95,140240,6204,105871,1570,1993
"Richmond",14,35.3,52615,57100,42215,2.87,36074,27434,45132,20082,2348
"Atlanta",13,33.8,223960,239915,32016,2.15,196316,245367,18653,24268,4606
"Lubbock",13,29.2,122320,126731,14226,2.61,206318,23594,90706,7508,7627
"Modesto",13,35.2,104852,106405,39613,2.97,166618,9869,85141,19417,4388
"Norfolk",13,30.2,128917,117476,16702,2.51,127741,107893,18760,11854,3259
"Salt Lake City",13,32.1,98364,94296,32166,2.38,150136,5365,40559,13153,3488
"Waco",13,29.3,63452,68890,14235,2.57,96958,29883,40585,4230,794
"Wilmington",13,36.4,32680,39277,3336,2.45,23743,44182,5516,1193,414
"Garland",12,34.5,116406,120430,62975,3.12,154484,40507,90989,27217,3083
"Huntsville",12,38.1,91764,97350,12691,2.18,121904,61561,10887,6566,1755
"Rapid City",12,39.5,36122,37446,2375,2.31,63983,2217,2971,2170,9159
"Redding",12,38.8,42530,49049,5181,2.42,81244,2112,9143,5271,4352
"Tacoma",12,37.7,100914,107036,31863,2.48,149859,30914,25764,26909,5549
"Torrance",12,41.2,73209,75259,43096,2.7,80498,5906,25699,54317,3638
"West Palm Beach",12,39.6,49262,57520,30675,2.53,60648,39226,26132,3191,406
"Boston",11,31.8,322149,347320,190123,2.38,378543,189347,130656,69976,5580
"Detroit",11,34.8,319265,357859,39861,2.6,104260,545988,53980,10804,6007
"Glendale",11,34.4,116795,123319,44133,2.89,202539,16254,83711,15245,4064
"Jackson",11,31.7,79039,91772,1789,2.65,28775,139567,3017,864,323
"Lafayette",11,31.7,64018,63643,5396,2.54,85282,39862,6556,2776,1183
"Mobile",11,38,91275,103030,7234,2.4,93755,96397,5229,5518,2816
"Oxnard",11,31,101906,105346,78678,4.08,165423,7183,154911,18249,6241
"Palmdale",11,32.6,76361,81989,41974,3.54,73480,27398,87452,10981,2800
"Pomona",11,32.1,74945,78307,53879,3.63,94296,10774,108787,17646,3866
"Salinas",11,30.4,77765,79621,58693,3.72,95283,3391,121196,11227,2855
"Shreveport",11,35.2,93138,103856,5658,2.53,79319,112923,5081,4033,1647
"South Gate",11,32.5,47758,48641,40571,3.97,55444,1615,91312,971,618
"Whittier",11,36.1,44397,43039,17145,3.11,49388,1262,61249,3503,680
"Arlington",10,34.4,113981,115183,55205,2.19,171673,22372,35911,28595,845
"Durham",10,33.2,121153,136445,38642,2.4,127680,108088,36304,15740,3154
"Knoxville",10,33.1,89978,95334,10285,2.21,145055,35049,8640,4717,2304
"Little Rock",10,36.6,96997,100989,16640,2.36,102312,85606,15500,8423,961
"Madison",10,30.7,122596,126360,30090,2.23,204302,20424,19697,23937,2296
"Salem",10,35.4,80839,83704,19668,2.69,148650,3770,39414,6076,7678
"West Covina",10,39.8,51629,56860,37038,3.56,48046,3693,58907,32716,518
"Carson",9,40.4,43790,49506,33860,3.7,28801,19947,32938,31706,2119
"Columbia",9,37.9,52202,51265,23249,2.68,58343,30075,8033,17821,488
"Dayton",9,32.8,66631,73966,7381,2.26,86016,57280,4945,1885,2010
"Escondido",9,33.3,76551,74907,46298,3.27,120781,5631,73793,14398,3151
"Lakeland",9,38.1,47840,56570,11592,2.56,75636,25111,16501,3348,288
"Longview",9,36.8,40065,41525,8782,2.55,60997,19904,17614,1810,253
"Midland",9,32.1,66595,66355,17061,2.78,115958,10379,58677,3279,1922
"Nashville",9,34.1,314231,340365,88193,2.39,432447,188844,67526,27355,5474
"North Charleston",9,30.7,56549,55315,8789,2.82,48956,56734,12975,4181,1042
"Rochester",9,31.4,100135,109673,17735,2.36,105636,93072,38004,8748,4856
"Springfield",9,34.1,81057,85741,7765,2.12,151686,10026,7100,5725,2777
"Sunnyvale",9,35.7,79480,72280,71441,2.74,71463,4210,25638,69472,1179
"Tallahassee",9,26.2,89390,100504,16720,2.38,112800,69135,13538,10035,1368
"Vancouver",9,37.2,82958,89895,21748,2.49,149863,7520,23184,10882,4541
"Visalia",9,32.6,63695,66399,20779,3.11,107322,2525,63482,11523,2113
"Corpus Christi",8,35,160488,163594,30834,2.69,292663,14978,200737,9051,2972
"East Los Angeles",8,32.6,60460,59206,49575,3.75,48980,508,116211,1053,778
"Fort Lauderdale",8,42.8,93948,84639,47582,2.38,109751,62954,28148,3791,1366
"Hartford",8,31,58042,65972,28467,2.59,46529,49939,55959,4105,2451
"Huntington Beach",8,41.6,99967,101960,35368,2.67,156071,4027,42303,29095,2843
"Indio",8,35.9,43803,43723,22538,3.08,48562,3300,58852,2866,1112
"Lakewood",8,37.7,76013,76576,14169,2.29,139669,2679,33630,7340,2597
"Lancaster",8,30.9,80668,80445,17247,3.25,110311,36007,57423,8654,2186
"Moreno Valley",8,30.7,98584,105597,54442,3.9,90391,35550,120610,11912,1843
"Raleigh",8,32.8,219184,232765,65125,2.42,275892,138242,51786,24865,3955
"Sparks",8,36.1,47780,48318,15690,2.63,78737,4226,29159,7915,2019
"Westminster",8,37.8,54866,58251,11361,2.63,100084,3228,23355,8668,1444
"Albany",7,33.3,31695,39414,861,2.38,17160,53440,1783,650,445
"Bellflower",7,33.4,38936,39498,24607,3.58,23336,12839,42472,10764,783
"Billings",7,36.3,52705,57565,3206,2.4,102522,2200,7526,1873,6066
"Conroe",7,31.5,34907,33685,13839,2.65,57480,6713,23863,2302,707
"El Monte",7,37.3,57961,58784,59655,3.67,64138,307,77523,33384,718
"Fontana",7,29.5,100644,106828,61448,4.15,85044,16986,156134,14281,2656
"Fort Wayne",7,34.7,124815,133329,19146,2.45,204114,46319,21234,13596,3577
"Hawthorne",7,33.7,43682,44762,32107,2.97,23665,21566,50115,7601,906
"Hayward",7,34.3,78152,80148,60970,3.32,74800,20219,64880,46285,2178
"Lake Charles",7,31.8,35678,40388,3215,2.36,36346,38358,3157,1444,592
"Lynn",7,34.8,44598,47861,29899,2.81,50652,18240,33250,9205,1176
"Newark",7,34.6,138040,143873,86253,2.73,76402,144961,100432,7349,2268
"Oceanside",7,39.4,87482,88232,37492,2.72,137533,11907,62100,20882,2452
"Pueblo",7,37.6,55635,53784,3578,2.44,86097,4107,57579,2468,7306
"Rockford",7,36.3,71076,78270,18323,2.52,107148,33122,28923,5500,2301
"Scottsdale",7,46.9,115712,121132,27207,2.17,205512,5279,24766,11555,7003
"Syracuse",7,30.3,69462,74690,17733,2.39,88679,46026,13368,9386,3606
"Tempe",7,28.8,91350,84476,26620,2.44,130346,11293,44404,17338,4636
"Topeka",7,37.1,60879,66378,6711,2.32,108035,15030,18640,3127,4804
"West Valley City",7,30.7,68235,67989,30712,3.81,89145,3222,44080,9550,4851
"Alexandria",6,36.6,74989,78522,44030,2.2,106215,37168,25573,13315,1133
"Bossier City",6,32.7,33428,34669,2980,2.4,47454,19520,5589,2175,630
"Bridgeport",6,34.1,71509,76110,44475,2.86,68007,53770,59036,8546,2527
"Charleston",6,35,63956,71568,5767,2.4,104016,29998,3929,2773,633
"Chico",6,29.9,46168,44168,8425,2.5,80467,3164,15578,6101,2766
"Downey",6,37.3,53006,61205,39977,3.45,77220,5498,84806,9776,535
"Flagstaff",6,23.9,33224,37093,4262,2.55,58696,3144,13606,2646,5117
"Fort Collins",6,29.6,80893,80288,9704,2.45,150568,3176,15521,7913,3271
"Gastonia",6,36.9,35527,39023,5715,2.67,46362,22179,6653,2788,603
"Greensboro",6,35.5,132251,153093,26667,2.36,144930,124108,22147,12683,3688
"Hemet",6,36.8,38622,45251,13330,2.97,67817,7650,37448,3697,2288
"Kent",6,33.4,61825,65137,38175,3.06,67918,20450,21928,26168,3651
"Laredo",6,28.8,124305,131484,68427,3.66,246442,832,243190,1963,1253
"Medford",6,38.6,39606,40189,6185,2.65,75464,1201,14294,2135,1239
"Nampa",6,31.4,45651,44199,6607,2.98,80776,1600,22066,1486,2167
"New Haven",6,29.9,63765,66545,25871,2.48,56251,43356,43563,7966,2205
"Pittsburgh",6,32.9,149690,154695,28187,2.13,208863,82248,9266,21227,2689
"San Angelo",6,32.8,49669,50744,7859,2.5,86655,6079,42494,1658,548
"Yakima",6,34,45147,48553,15717,2.74,79286,924,44172,2248,2042
"Abilene",5,31.3,65212,60664,8129,2.64,95487,14449,33222,2929,1813
"Akron",5,38.1,96886,100667,10024,2.24,129192,66551,3684,9033,1845
"Anchorage",5,32.2,152945,145750,33258,2.77,212696,23107,27261,36825,36339
"Antioch",5,34,54733,55809,24942,3.31,51151,23227,35563,14333,3462
"Beaverton",5,35.6,47325,49252,18933,2.46,80975,3100,15452,10538,905
"Berkeley",5,32.5,60142,60829,25000,2.35,82949,11255,15429,27089,1868
"Brownsville",5,30.6,87689,96199,53301,3.48,174670,1239,170041,1589,1165
"Cape Coral",5,45,85626,89604,24185,2.85,163396,7311,33016,3314,1040
"Chattanooga",5,36.6,83640,92957,10599,2.4,114140,59918,10918,4602,1092
"Concord",5,39.6,62310,66358,37428,2.72,92575,6150,41400,17453,1447
"Corona",5,37.1,79749,84493,42131,2.97,119403,9437,68592,21044,2268
"Elk Grove",5,36.1,80057,86833,38693,3.34,86909,20185,28781,59424,2020
"Garden Grove",5,37.8,86779,88605,80677,3.66,66782,1840,66038,71737,1713
"Greeley",5,31,50792,50091,11480,2.75,92874,2856,39271,2202,2449
"Jersey City",5,34.3,131765,132512,109186,2.57,99300,65051,79718,67610,3356
"Las Cruces",5,32.7,47835,53809,11888,2.58,91201,3825,60614,3266,2368
"Lincoln",5,32.3,138544,138802,22958,2.4,246677,16445,20296,15138,4281
"Metairie",5,41.6,69515,76943,19871,2.39,124270,17263,19703,4791,438
"Montgomery",5,35.4,94582,106004,9337,2.41,73545,121360,6648,6518,1277
"Norwalk",5,35,53125,54020,39396,3.88,46998,5195,76020,16189,1165
"Odessa",5,31.2,61119,57861,15845,2.92,106944,7647,63586,2252,1134
"Ogden",5,31.3,44323,41127,12791,2.68,74960,2620,28275,1911,1717
"Providence",5,29.9,89090,90114,53532,2.72,97885,30638,77968,13432,4171
"Santa Clara",5,35.2,63278,62938,52281,2.75,55847,4580,22402,58360,1354
"Santa Maria",5,30.1,53320,51762,39192,3.83,90403,1237,81551,5058,1575
"Santa Monica",5,40.6,46732,46487,24448,2,70365,9663,14973,13283,2197
"Santa Rosa",5,37.9,86840,88149,33015,2.7,138506,7157,54578,13496,8859
"Simi Valley",5,39,63243,63523,23260,3.13,107898,2378,34032,14984,2474
"Sioux Falls",5,34.6,86596,84934,12934,2.38,149298,10904,9388,4689,4623
"Trenton",5,33.3,42581,41650,20428,3.04,37683,43471,30613,1437,98
"Bellevue",4,37.4,70763,69051,54654,2.43,82378,4151,12215,52223,1949
"Bend",4,37.3,42294,44723,3032,2.39,83689,465,8173,2726,1818
"Bloomington",4,40.9,43318,43118,10728,2.3,71874,5828,8021,4689,1745
"Boulder",4,29,56342,51000,12993,2.24,98243,1615,9795,8772,767
"Cedar Rapids",4,36.2,63109,67296,5404,2.32,116851,11921,5328,5406,1243
"Chesapeake",4,36.7,114964,120465,13966,2.73,150414,73850,12959,11354,2087
"Chula Vista",4,34.6,131485,134269,82710,3.32,183753,15641,156522,48506,1652
"Citrus Heights",4,37.8,41982,45071,9466,2.49,77525,5979,14661,3615,1514
"Colorado Springs",4,34.8,225544,231018,35320,2.48,374900,38976,78711,22619,11146
"Davenport",4,35.2,50123,52454,4065,2.39,88145,12761,9131,3071,901
"Des Moines",4,34.5,103726,106591,23857,2.41,168057,26353,25306,15205,3964
"Dothan",4,38.9,32172,35364,1699,2.59,43516,23243,1704,1175,656
"Duluth",4,34.7,41271,44855,2258,2.25,81720,3891,1981,1721,1894
"Eugene",4,33.4,79071,84377,14503,2.34,146807,5632,17356,11073,5035
"Fairfield",4,34.7,55550,57422,24503,3.14,64106,18274,32976,22428,1016
"Federal Way",4,36.4,49151,46037,18565,2.68,59035,15495,14049,16026,2396
"Frederick",4,36.1,33146,36336,14211,2.48,49181,13372,13065,5711,1333
"Gresham",4,36.7,53866,56716,17860,2.67,94904,7721,23576,6641,2084
"Hillsboro",4,35.3,50926,51434,19531,2.68,81072,4347,22169,13704,4524
"Kennewick",4,32,38492,40411,8376,2.78,65228,2887,19395,4252,1101
"Merced",4,29.7,40048,42392,16348,3.15,42475,6464,43684,9911,2331
"Rialto",4,31.6,49902,53235,32741,3.83,74551,11800,78571,4103,1065
"Roseville",4,38.4,62591,67691,18161,2.72,103853,4413,23499,18171,2635
"Savannah",4,30.3,69389,76295,10355,2.57,57690,82307,9734,5366,2116
"Temecula",4,34.2,54407,57619,18884,3.34,85130,5698,36246,14532,2236
"Turlock",4,36.2,33190,39103,14686,2.76,59308,2307,23559,5232,1187
"Tyler",4,33.9,50422,53283,8225,2.59,72728,26156,21536,2543,1057
"Union City",4,38.5,38599,35911,32752,3.46,16845,5508,13207,44849,243
"Victorville",4,30.6,60989,61247,21959,3.47,86648,26747,60569,7755,5305
"Yuba City",4,34.5,33654,33290,18032,2.9,48746,1912,20890,15065,2163
"Asheville",3,37.9,42100,46407,6630,2.18,77979,9078,4146,1939,496
"Auburn",3,37.1,36837,39743,14842,2.73,58293,4032,10836,12341,3042
"Baldwin Park",3,35.8,38747,38309,34322,4.13,36890,1560,56282,15505,316
"Beaumont",3,31.6,57326,60784,10516,2.47,53597,58008,18815,4079,908
"Boca Raton",3,47.3,44760,48466,21117,2.22,80781,4527,14735,2494,556
"Brandon",3,36.1,55679,58289,16390,2.64,80811,23475,26224,9440,1921
"Buffalo",3,33.1,124537,133529,24630,2.27,130078,101254,29656,14518,4406
"Carmichael",3,41,29281,33934,7378,2.39,55862,4675,9291,4205,2603
"Chandler",3,35.6,128885,131948,38721,2.78,207993,16163,57159,33079,6601
"Clearwater",3,47,55225,57754,17686,2.4,97195,12369,17211,2434,867
"Dearborn",3,33.5,46482,48698,23920,3.04,88742,3699,3533,4134,713
"Denton",3,28.7,62478,68569,18451,2.66,106278,15542,29350,7061,1857
"El Cajon",3,32.7,54450,49238,31865,3.14,84703,7534,31542,4561,1891
"Fremont",3,38.3,114383,117808,109427,3.12,67294,7762,29594,141953,1606
"Fullerton",3,34.5,69549,71300,43404,2.97,92216,5241,53459,33937,1668
"Gilbert",3,33.2,116711,130812,24531,3.2,211322,9076,39937,19740,5965
"Green Bay",3,32.9,52517,52704,9813,2.37,82033,7561,16786,5652,6547
"Greenville",3,26.2,39897,50691,4183,2.4,50289,37355,4409,2787,917
"High Point",3,35.5,51751,58077,16315,2.65,58004,39369,11446,11060,1181
"Hollywood",3,41.4,75358,74363,55158,2.65,107916,34916,53247,4696,1010
"Irvine",3,34.6,125411,131516,116366,2.73,127358,8670,19266,126499,799
"Jurupa Valley",3,33.8,49430,50884,25338,3.87,58201,3091,66525,4992,1554
"Kalamazoo",3,26.4,37175,38865,3482,2.36,56866,19194,4114,2429,954
"Kenner",3,36.9,33993,33113,12352,2.57,44863,17172,17769,2729,158
"Lansing",3,31.4,54333,59777,8371,2.39,75688,34196,14245,4168,5254
"Longmont",3,36.8,43941,48280,10424,2.63,85853,1782,24846,2255,1682
"Mesquite",3,34.6,69240,75884,26755,2.96,98597,37339,56753,4496,2564
"Newport News",3,32.8,88385,94000,12589,2.46,95151,79245,15780,8275,2201
"Norman",3,30.9,59483,60814,8705,2.47,106409,6620,11732,6539,10801
"Pasco",3,28.6,35298,32799,16265,3.45,55741,2265,38883,2215,1054
"Paterson",3,34,70640,77117,49810,3.37,54885,45858,85555,9653,1083
"Pawtucket",3,39.2,36072,35511,17884,2.41,47614,15513,16117,2150,1359
"Pembroke Pines",3,40.3,77050,89574,62210,2.94,113624,34507,60519,12910,1076
"Peoria",3,36.9,80139,91103,14260,2.97,151232,8514,41129,6631,3108
"Pleasanton",3,41.3,36662,42857,23208,2.87,49934,1919,7949,27662,608
"Pompano Beach",3,42.5,56569,51202,32733,2.55,67360,38653,23225,1089,2138
"Portsmouth",3,33.6,45900,50301,1815,2.54,43004,52972,3896,1785,1584
"Santa Barbara",3,37.8,45068,46784,19441,2.51,73659,2013,31102,4964,1560
"Schenectady",3,36.7,32398,32901,10961,2.82,40278,15640,5957,5140,1059
"Temple",3,33.6,33512,38785,3968,2.59,54698,14747,21372,1781,1615
"Thornton",3,33.1,65482,67977,17949,2.97,119264,4569,49241,7034,2967
"Toledo",3,36.1,135455,144323,9257,2.29,188325,85552,23614,6850,3942
"Tuscaloosa",3,29.1,47293,51045,4706,2.67,52603,42331,2475,2733,261
"Vacaville",3,35.8,50091,46703,10577,2.9,66825,18023,23395,9273,3140
"Waterbury",3,36.2,52235,56572,19967,2.71,69075,26972,38222,4080,492
"Wichita Falls",3,34,55775,48934,9855,2.41,82860,14529,23061,3688,1503
"Winston-Salem",3,34.7,112520,128712,24302,2.47,139301,87480,38321,6484,1415
"Yuma",3,33.4,48298,45847,19326,2.64,69691,3731,57054,1180,1228
"Alameda",2,41.4,37747,40867,18841,2.52,44232,7364,8265,27984,1329
"Avondale",2,29.1,38712,41971,8355,3.18,62176,11592,34716,2828,613
"Bismarck",2,38,34675,35565,2064,2.11,64719,1700,1667,930,4040
"Brooklyn Park",2,35.1,37845,41305,17490,2.85,41760,22550,4138,14443,1173
"Broomfield",2,36.8,31755,33310,5316,2.53,58341,1154,8065,5193,601
"Carrollton",2,36.9,66928,66218,35327,2.78,102948,10923,46850,18456,812
"Chino",2,36.5,50989,34610,18666,3.62,44543,6815,45495,12948,4790
"Chino Hills",2,41.9,39639,38674,24764,3.05,40030,3506,22539,28132,1773
"Deltona",2,39.9,44853,43621,7098,2.89,75686,12056,31357,1292,651
"Edmond",2,32.5,45191,44899,5585,2.68,78979,4987,6187,5349,8051
"Evansville",2,38,57198,60481,3169,2.25,100055,17564,3263,1376,713
"Everett",2,37,56212,51800,19499,2.36,88395,8304,15889,9807,3645
"Flint",2,35.3,48984,49313,2138,2.38,44786,55137,2525,657,1508
"Gainesville",2,26,60803,69330,15272,2.33,87612,32912,12208,11963,740
"Grand Prairie",2,33.1,90811,96944,44888,3.18,113981,54934,85543,11446,1754
"Grand Rapids",2,32.1,95669,99430,19176,2.56,143702,42256,31282,6057,3436
"Irving",2,32.3,117189,119428,86756,2.78,132779,30356,97862,49421,2960
"Kenosha",2,36.3,49349,50507,7443,2.55,84780,11915,18772,2537,1264
"Killeen",2,29.2,69442,71367,15769,2.72,75823,54601,32600,8183,2362
"Largo",2,45.1,38166,42841,10489,2.28,73502,5860,9561,3249,881
"Lee's Summit",2,36.8,48353,46715,3803,2.68,82915,7100,4504,3013,1251
"Macon",2,36,71833,81626,4846,2.46,64117,84569,4897,3588,682
"Manchester",2,37.3,54845,55378,14506,2.4,100108,6896,11962,4304,558
"McAllen",2,32.3,68332,71921,37691,3.19,107763,3332,113829,5575,664
"Menifee",2,37.1,42866,44297,12481,3.06,62331,7773,29790,7108,1639
"Missoula",2,34.7,35002,36022,2771,2.15,66504,1149,2474,2292,3618
"Napa",2,37.2,39828,40601,18449,2.84,57837,675,33229,3593,1751
"New Braunfels",2,37,33071,36852,5405,2.85,63789,3471,22522,1610,648
"Olathe",2,33,65046,69270,11913,2.97,120282,9518,16131,6288,1872
"Orange",2,35,67337,73658,34550,3.14,100083,2853,46255,22457,658
"Palm Bay",2,40.7,51767,56128,12070,2.82,84328,20891,16841,1124,1603
"Pittsburg",2,34.5,33309,36118,21043,3.15,25996,14931,28605,13981,2253
"Plymouth",2,38.4,39035,36893,8830,2.46,63872,6938,3274,5561,760
"Provo",2,23.6,56231,59027,10925,3.28,108471,1062,16668,4104,1916
"Rancho Cordova",2,33.8,34844,36182,17020,2.86,47757,9307,13970,12653,1940
"Redlands",2,36.2,33993,37035,8681,2.82,55241,6973,19698,6255,811
"Redondo Beach",2,43,34855,33330,13536,2.34,53811,2234,8858,13118,1007
"Richardson",2,35.5,54676,56151,29579,2.83,76116,13256,15762,20724,1439
"Riverview",2,32.2,44210,45536,12240,3.22,60793,15159,23317,3582,726
"Round Rock",2,34.9,56646,59193,18237,3.13,92278,13636,37151,9685,1551
"Saint Louis",2,35,153026,162659,21802,2.16,155574,151030,12261,12209,2746
"Saint Petersburg",2,41.8,123524,133564,28567,2.42,179121,67798,20483,10893,2716
"San Leandro",2,41.8,43032,47679,34293,2.79,40182,11100,26894,34019,1540
"San Mateo",2,39.3,50966,52558,34957,2.64,62656,2880,23151,30573,682
"Santa Clarita",2,38.1,90192,92175,40666,3.02,144949,9223,56944,23168,4441
"Santa Fe",2,44.1,40601,43511,13824,2.41,75494,1284,45884,1878,2960
"Somerville",2,31,41028,39306,22292,2.43,62927,7140,8790,9498,374
"Southfield",2,41.6,31369,41808,4011,2.27,18296,54200,573,1345,983
"Spokane Valley",2,36,49933,44975,4199,2.39,91125,1192,5110,1336,2473
"Spring Hill",2,45.1,48295,54902,7893,2.58,91742,7689,15838,2409,1254
"Surprise",2,39.4,62875,65567,9929,2.9,115419,9079,25366,3153,1883
"Thousand Oaks",2,44.8,65113,64216,25330,2.79,108375,3229,26754,16134,2690
"Virginia Beach",2,35.4,222684,230061,38360,2.61,324924,99948,36309,38715,4590
"Alhambra",1,41,42184,43388,44441,2.89,20811,1905,31386,44067,687
"Ann Arbor",1,28.1,58789,58281,20717,2.17,90173,9577,5888,18797,1935
"Apple Valley",1,34.3,32873,39312,5801,3.03,60767,9124,25928,2281,1446
"Arvada",1,41,54870,60165,4921,2.49,107639,2985,16419,2922,2370
"Atascocita",1,32.8,37424,40816,8657,3.03,50630,21491,20441,2441,1024
"Bellingham",1,30.7,41286,43857,8713,2.44,74183,2325,6966,8010,2056
"Cary",1,39.9,78932,81582,30008,2.61,119814,15496,10327,25124,1752
"Cedar Park",1,34.4,31248,33589,5207,3.05,56991,3667,11872,5654,219
"Clifton",1,38.5,41932,44409,27979,3.11,51516,8743,33176,5840,2417
"Clovis",1,37.8,52392,51780,13409,2.76,78029,3434,23744,14249,1876
"College Station",1,22.9,54125,53774,16145,2.52,84892,11316,17784,10915,605
"Danbury",1,37.3,43435,41227,25675,2.74,55917,8454,25145,7350,1086
"Eagan",1,36.8,31587,34701,8642,2.49,52612,8032,4328,6923,684
"Eau Claire",1,32,32327,35106,2833,2.4,62194,725,1488,4202,876
"Erie",1,35.3,48618,50852,6275,2.31,78636,20564,7859,3306,913
"Evanston",1,36.8,34146,41377,15003,2.29,54496,11671,9075,8800,544
"Fall River",1,39.3,43314,45456,14775,2.21,77242,6389,9081,1891,1481
"Folsom",1,40.9,41051,35317,13234,2.62,57435,3985,5822,15569,998
"Fort Smith",1,34.9,43346,44849,13177,2.44,66004,9851,17104,6228,2993
"Framingham",1,40.3,35442,35768,19070,2.49,52205,6944,13000,5993,849
"Gaithersburg",1,35.7,32211,35234,28133,2.73,36639,12482,18721,13169,672
"Goodyear",1,38.6,36711,42292,11774,2.97,63493,8678,21603,5701,1301
"Hammond",1,36,38923,38687,9224,2.61,41705,20442,25320,1540,1509
"Hampton",1,35.5,66214,70240,6204,2.48,61753,70303,7513,4561,2534
"Hesperia",1,29.4,43588,49698,16667,3.52,78718,4889,53765,2131,1712
"Independence",1,38.6,54348,62907,4911,2.33,98940,10394,12236,558,1883
"Iowa City",1,25.5,37089,37138,9202,2.36,59839,7219,4072,5533,610
"Jonesboro",1,32.6,35666,38240,3222,2.44,56626,14599,4614,1282,2109
"Kirkland",1,40.8,42159,45108,18570,2.3,70491,1041,6720,15277,1155
"Lake Forest",1,40.3,41515,40982,20784,2.76,59846,3526,17410,16690,1482
"Lauderhill",1,35.7,32813,38761,25471,3.02,10788,56948,6089,2662,1186
"Lawton",1,31.1,51099,45560,6123,2.72,63948,25767,13780,5173,10027
"Lewisville",1,31.6,52776,52032,24865,2.78,70278,16948,31757,12412,1371
"Lorain",1,35.6,30844,32807,1531,2.52,46667,16388,19342,308,904
"Lowell",1,33.4,54422,56298,33414,2.8,68838,7310,22095,28944,868
"Lynchburg",1,28.7,38614,41198,4364,2.48,53727,23271,2689,2910,1024
"Manteca",1,35.3,37053,38397,13942,3.25,56156,6279,31552,8172,2861
"McKinney",1,35.6,77339,85548,25760,2.91,129192,16689,31705,13882,1801
"Melbourne",1,43.4,39180,40956,9685,2.37,65397,11721,6060,5186,251
"Meridian",1,38,43353,47400,8110,2.54,84625,1809,6596,2693,492
"Mission Viejo",1,44.9,48849,48314,17308,2.85,81186,2066,18913,13073,683
"Mount Vernon",1,38.5,31876,36745,23777,2.85,13106,49830,9446,1497,356
"Murrieta",1,35.3,49363,60453,19875,3.3,77700,9259,32944,16041,2327
"New Bedford",1,38.6,43793,51166,19024,2.39,63938,8890,18336,1811,346
"New Rochelle",1,40.6,38871,40967,26960,2.85,44435,17723,23548,4218,645
"Orem",1,26.1,48695,45762,12808,3.26,85512,1837,18342,3862,976
"Overland Park",1,38.2,93355,93156,21407,2.41,161153,10685,10104,17123,1264
"Palo Alto",1,40.2,31451,35397,23348,2.55,43019,1049,3496,24055,556
"Parma",1,40.8,38425,41518,6909,2.42,76282,2928,5361,974,876
"Rancho Cucamonga",1,34.5,88127,87105,33878,3.18,111832,24437,65823,24519,2789
"Reading",1,29.4,43668,44205,17043,2.95,64401,20821,57032,903,9671
"Redwood City",1,37.1,42676,42624,27652,2.64,51019,2758,29011,14873,664
"Roanoke",1,36.9,47252,52645,7346,2.35,68761,30920,6091,3237,594
"Roswell",1,38.8,48637,45859,16501,2.7,69857,15458,16920,7240,585
"San Tan Valley",1,31.3,40429,42368,5757,3.44,75429,2027,18733,1378,3941
"Sandy",1,34.6,46923,46689,6691,3.22,85130,522,6832,5657,507
"Silver Spring",1,33.8,40601,41862,30908,2.6,37756,21330,25924,8841,1084
"Sioux City",1,34.3,38827,43949,7471,2.57,70513,3994,15602,3400,1956
"South Bend",1,32.4,50483,53274,8779,2.72,71391,30005,16462,1788,411
"South San Francisco",1,39.4,34177,33094,27528,3.33,28135,2327,29173,23008,535
"Springdale",1,31.8,36840,43614,19969,3.04,56843,1859,30200,1422,547
"Toms River",1,43.7,43864,43886,6852,2.71,79538,3703,10267,4691,251
"Tustin",1,33.4,39511,41052,25034,3.27,39660,2954,33998,16074,538
"Upland",1,39.7,36226,40221,16552,2.77,46704,5717,30787,9182,1068
"Warner Robins",1,31.4,35093,38909,3210,2.5,42306,29307,5378,2723,1309
"Warren",1,43.2,64063,71293,18822,2.45,96357,29391,3210,12156,1516
"Waukegan",1,32.3,45514,42833,30997,2.92,65629,11697,54214,4933,677
"Waukesha",1,35.8,36263,35713,4982,2.35,66757,1923,9713,2904,481
"Westland",1,39.9,37742,44253,6429,2.41,60576,16422,2827,4843,429
"Worcester",1,34.9,90951,93855,36907,2.43,131898,27491,39000,15932,1917
"Wyoming",1,32.8,35967,39310,8612,2.65,58989,8839,15325,3227,2444
"Yorba Linda",1,45.5,31960,36006,15532,3,49980,1326,10599,17616,211
